value,month,pct_changeMoM,pct_changeYoY,pct_changeMoM_Ann
23.51,1950-01,,,
23.61,1950-02,0.42535091450446316,,5.225329762700648
23.64,1950-03,0.12706480304955914,,1.5354789056918783
23.65,1950-04,0.04230118443315778,,0.5087968775719931
23.77,1950-05,0.5073995771670337,,6.261621771115022
23.88,1950-06,0.462768195204033,,5.6967634034577275
24.07,1950-07,0.7956448911222935,,9.97683417837385
24.20,1950-08,0.540091400083087,,6.6771264087387205
24.34,1950-09,0.5785123966942196,,7.167350792923988
24.50,1950-10,0.6573541495480617,,8.17978790687166
24.60,1950-11,0.40816326530612734,,5.0094231734445716
24.98,1950-12,1.5447154471544655,,20.19542106777994
25.38,1951-01,1.601281024819845,7.9540621012335055,21.001346913801868
25.83,1951-02,1.773049645390068,9.402795425667087,23.4791015889936
25.88,1951-03,0.19357336430507743,9.475465313028764,2.347771269109966
25.92,1951-04,0.15455950540959051,9.598308668076116,1.8705620797282219
25.99,1951-05,0.2700617283950546,9.339503575936048,3.289312710776149
25.93,1951-06,-0.2308580223162715,8.584589614740379,-2.7353905663952793
25.91,1951-07,-0.07713073659852965,7.644370585791438,-0.9216524773080659
25.86,1951-08,-0.1929756850636899,6.859504132231398,-2.29128748998636
26.03,1951-09,0.6573859242072766,6.943303204601481,8.180197698910208
26.16,1951-10,0.49942374183633564,6.775510204081625,6.160476336150489
26.32,1951-11,0.6116207951070374,6.991869918699178,7.59144578258335
26.47,1951-12,0.5699088145896702,5.964771817453962,7.057396161766061
26.45,1952-01,-0.0755572346052169,4.215918045705291,-0.9029284176506946
26.41,1952-02,-0.15122873345935206,2.245451025938827,-1.799726347204611
26.39,1952-03,-0.07572889057174681,1.9706336939721902,-0.9049712142773947
26.46,1952-04,0.2652519893899141,2.083333333333326,3.229873602118416
26.47,1952-05,0.03779289493575089,1.8468641785302164,0.45445860771191615
26.53,1952-06,0.22667170381565072,2.313922097956045,2.7542288186933606
26.68,1952-07,0.5653976630229929,2.9718255499807,6.999784534261444
26.69,1952-08,0.03748125937033109,3.209590100541382,0.4507034694098744
26.63,1952-09,-0.22480329711502822,2.3050326546292688,-2.664534138026231
26.69,1952-10,0.22530980097634767,2.0259938837920544,2.737475096492248
26.69,1952-11,0.0,1.4057750759878473,0.0
26.71,1952-12,0.07493443237167607,0.9066868152625585,0.9029284726577602
26.64,1953-01,-0.2620741295395024,0.7183364839319584,-3.099952548523799
26.59,1953-02,-0.18768768768768762,0.6815600151457879,-2.22914749434745
26.63,1953-03,0.150432493418573,0.9094353921940135,1.8202008263870528
26.69,1953-04,0.22530980097634767,0.8692365835222926,2.737475096492248
26.70,1953-05,0.037467216185826935,0.86890819795995,0.45053425523269297
26.77,1953-06,0.26217228464420206,0.9046362608367886,3.191830851727828
26.79,1953-07,0.07471049682479247,0.41229385307346433,0.9002190460255521
26.85,1953-08,0.22396416573349232,0.5994754589734086,2.720923952755805
26.89,1953-09,0.14897579143389184,0.9763424708974844,1.8024303800659336
26.95,1953-10,0.2231312755671233,0.9741476208317668,2.7106807334432714
26.85,1953-11,-0.37105751391465214,0.5994754589734086,-4.362933559331017
26.87,1953-12,0.07448789571693482,0.5990265818045737,0.8975258310480738
26.94,1954-01,0.2605135839225836,1.1261261261261257,3.171346700585187
26.99,1954-02,0.18559762435039762,1.5043249341857745,2.2500474069477416
26.93,1954-03,-0.22230455724341347,1.1265490048817162,-2.63527842867618
26.86,1954-04,-0.25993316004455647,0.6369426751592355,-3.07498898058578
26.93,1954-05,0.2606105733432562,0.8614232209737782,3.1725443703791267
26.94,1954-06,0.03713330857779695,0.635039223010847,0.4465108928495942
26.86,1954-07,-0.29695619896066283,0.26129152668905586,-3.505845889651693
26.85,1954-08,-0.03723008190616994,0.0,-0.44584730506880277
26.81,1954-09,-0.14897579143390294,-0.2975083674228385,-1.773134094333495
26.72,1954-10,-0.33569563595673424,-0.8534322820037077,-3.954797210743599
26.78,1954-11,0.22455089820359042,-0.26070763500931626,2.728140387574207
26.77,1954-12,-0.037341299477222645,-0.37216226274656705,-0.447176452307152
26.77,1955-01,0.0,-0.6310319227913919,0.0
26.82,1955-02,0.18677624206200338,-0.6298629121896937,2.264483196253475
26.79,1955-03,-0.11185682326622093,-0.519866320089124,-1.334054705590948
26.79,1955-04,0.0,-0.2606105733432673,0.0
26.77,1955-05,-0.0746547219111604,-0.5941329372447068,-0.8921874050789258
26.71,1955-06,-0.22413149047441072,-0.8537490720118779,-2.6566692935196534
26.76,1955-07,0.18719580681392234,-0.37230081906179935,2.2696225045431895
26.72,1955-08,-0.1494768310911887,-0.484171322160154,-1.7790486091672109
26.85,1955-09,0.48652694610780145,0.14919806042521522,5.997112526524662
26.82,1955-10,-0.11173184357542443,0.37425149700598404,-1.3325732896228515
26.88,1955-11,0.22371364653244186,0.37341299477220424,2.717842868078546
26.87,1955-12,-0.037202380952372494,0.37355248412402897,-0.445516251914968
26.83,1956-01,-0.14886490509863348,0.22413149047439962,-1.7718250941947011
26.86,1956-02,0.1118151323145744,0.1491424310216205,1.3500641526231094
26.89,1956-03,0.11169024571855424,0.3732736095558131,1.3485469877219103
26.93,1956-04,0.14875418371140814,0.5225830533781339,1.7997272155054311
27.03,1956-05,0.3713330857779473,0.9712364587224576,4.548139203419876
27.15,1956-06,0.443951165371792,1.647323099962561,5.4594394799891255
27.29,1956-07,0.5156537753222779,1.9805680119581393,6.366390268523436
27.31,1956-08,0.07328691828507594,2.208083832335328,0.8829965351799585
27.35,1956-09,0.1464664957890882,1.862197392923659,1.7718259098864264
27.51,1956-10,0.5850091407678226,2.572706935123037,7.250448413389066
27.51,1956-11,0.0,2.34375,0.0
27.63,1956-12,0.4362050163576825,2.828433196873825,5.361885596239624
27.67,1957-01,0.1447701773434673,3.130823704808061,1.7511416442026917
27.80,1957-02,0.46982291290205147,3.4996276991809516,5.785864936170437
27.86,1957-03,0.21582733812948174,3.607288955001864,2.6208940637216127
27.93,1957-04,0.2512562814070307,3.713330857779429,3.0570919303423594
28.00,1957-05,0.25062656641603454,3.588605253422128,3.049324124991526
28.11,1957-06,0.39285714285715034,3.53591160220994,4.817493734802847
28.19,1957-07,0.28459622909997595,3.2979113228288837,3.469121839578526
28.28,1957-08,0.3192621496984849,3.551812522885389,3.8991395776481586
28.32,1957-09,0.14144271570013522,3.546617915904937,1.7105790281701116
28.32,1957-10,0.0,2.944383860414379,0.0
28.41,1957-11,0.3177966101694851,3.271537622682663,3.880926996063705
28.47,1957-12,0.21119324181626542,3.0401737242128135,2.5639648310572083
28.64,1958-01,0.5971197752019819,3.5056017347307566,7.40550906784041
28.70,1958-02,0.20949720670391248,3.237410071942448,2.5431365117631444
28.87,1958-03,0.5923344947735165,3.6252692031586653,7.344215340736393
28.94,1958-04,0.24246622791825878,3.6161833154314316,2.9487113681130994
28.94,1958-05,0.0,3.3571428571428585,0.0
28.91,1958-06,-0.10366275051831852,2.8459622909996485,-1.2368851187365748
28.89,1958-07,-0.06918021445866396,2.483150053210359,-0.8270111507848177
28.94,1958-08,0.1730702665282191,2.333804809052342,2.096726881637423
28.91,1958-09,-0.10366275051831852,2.083333333333326,-1.2368851187365748
28.91,1958-10,0.0,2.083333333333326,0.0
28.95,1958-11,0.13836042891732792,1.9007391763463444,1.6730183820809597
28.97,1958-12,0.0690846286701241,1.7562346329469625,0.8321727818586977
29.01,1959-01,0.1380738695202055,1.2918994413407825,1.6695270247026883
29.00,1959-02,-0.03447087211306821,1.0452961672473782,-0.41286712669580394
28.97,1959-03,-0.1034482758620725,0.3463803255975062,-1.2343405887777492
28.98,1959-04,0.034518467380051376,0.13821700069107656,0.4150089203446061
29.04,1959-05,0.20703933747412417,0.3455425017277136,2.512959297446571
29.11,1959-06,0.24104683195591559,0.6918021445866396,2.931220145716207
29.15,1959-07,0.13740982480248132,0.8999653859466772,1.661436917017367
29.18,1959-08,0.10291595197255976,0.8293020041465038,1.2420059779779002
29.25,1959-09,0.23989033584648212,1.1760636457972984,2.9169706533837214
29.35,1959-10,0.34188034188034067,1.5219647180906293,4.1805922468483026
29.35,1959-11,0.0,1.3816925734024155,0.0
29.41,1959-12,0.20442930153321548,1.5188125647221273,2.4809227239480647
29.37,1960-01,-0.13600816048963127,1.2409513960703222,-1.6199442818417897
29.41,1960-02,0.13619339462036528,1.4137931034482687,1.6466185854607351
29.41,1960-03,0.0,1.5188125647221273,0.0
29.54,1960-04,0.44202652159128775,1.9323671497584405,5.435193066430366
29.57,1960-05,0.10155721056195333,1.8250688705234275,1.2255167755628626
29.61,1960-06,0.1352722353736846,1.7176228100309165,1.6353985082149691
29.55,1960-07,-0.20263424518742745,1.3722126929674117,-2.4046931361649704
29.61,1960-08,0.20304568527917954,1.473612063056895,2.463943414328318
29.61,1960-09,0.0,1.2307692307692353,0.0
29.75,1960-10,0.47281323877068626,1.3628620102214661,5.823653715482524
29.78,1960-11,0.10084033613446675,1.4650766609880739,1.2168180346153523
29.81,1960-12,0.1007387508394908,1.3600816048962905,1.2155854276292288
29.84,1961-01,0.10063737001007045,1.6002723867892366,1.2143553152879738
29.84,1961-02,0.0,1.4620877252635056,0.0
29.84,1961-03,0.0,1.4620877252635056,0.0
29.81,1961-04,-0.10053619302949901,0.9140148950575577,-1.1997856544214702
29.84,1961-05,0.10063737001007045,0.9130875887723988,1.2143553152879738
29.84,1961-06,0.0,0.7767646065518496,0.0
29.92,1961-07,0.2680965147453085,1.25211505922167,3.2650226663679227
29.94,1961-08,0.06684491978610207,1.1144883485309176,0.805094658851413
29.98,1961-09,0.13360053440214514,1.249577845322536,1.6150394410014979
29.98,1961-10,0.0,0.7731092436974896,0.0
29.98,1961-11,0.0,0.671591672263272,0.0
30.01,1961-12,0.10006671114075605,0.6709158000671067,1.2074314362674032
30.04,1962-01,0.09996667777407708,0.6702412868632601,1.2062177630158155
30.11,1962-02,0.23302263648468102,0.9048257372654245,2.832389171696259
30.17,1962-03,0.19926934573231136,1.1058981233244003,2.417614469500795
30.21,1962-04,0.13258203513424327,1.3418316001341912,1.6026373238532843
30.24,1962-05,0.09930486593843213,1.3404825737265424,1.1981885450923713
30.21,1962-06,-0.09920634920633775,1.2399463806970434,-1.184001969124504
30.22,1962-07,0.033101621979469975,1.0026737967914423,0.39794343575800806
30.28,1962-08,0.19854401058903015,1.135604542418167,2.4087181007409697
30.42,1962-09,0.4623513870541718,1.4676450967311627,5.691501243007835
30.38,1962-10,-0.13149243918475495,1.3342228152101399,-1.566547567765364
30.38,1962-11,0.0,1.3342228152101399,0.0
30.38,1962-12,0.0,1.2329223592135952,0.0
30.44,1963-01,0.19749835418039208,1.331557922769644,2.3958941795171107
30.48,1963-02,0.13140604467805073,1.2288276320159497,1.5883191854278333
30.51,1963-03,0.09842519685039353,1.1269472986410234,1.1875171484323044
30.48,1963-04,-0.0983284169124965,0.893743793445867,-1.173580676646535
30.51,1963-05,0.09842519685039353,0.8928571428571619,1.1875171484323044
30.61,1963-06,0.32776138970829205,1.3240648791790655,4.004819221184519
30.69,1963-07,0.2613524991832872,1.5552614162806178,3.1817064321358446
30.75,1963-08,0.19550342130987275,1.5521796565389767,2.371432422962827
30.72,1963-09,-0.09756097560975618,0.9861932938855844,-1.164470116714611
30.75,1963-10,0.09765625,1.2179065174456882,1.178189784675343
30.78,1963-11,0.09756097560975618,1.3166556945358954,1.1770341564336206
30.88,1963-12,0.32488628979856493,1.6458196181698526,3.9690591743535064
30.94,1964-01,0.19430051813471572,1.6425755584756896,2.356685079695442
30.91,1964-02,-0.09696186166774368,1.4107611548556331,-1.1573572937313203
30.94,1964-03,0.09705596894209467,1.4093739757456536,1.1709088932098988
30.95,1964-04,0.03232062055591456,1.5419947506561726,0.38853764085273745
30.98,1964-05,0.09693053311794486,1.5404785316289749,1.169387525523491
31.01,1964-06,0.09683666881858954,1.3067624959163693,1.168249091649587
31.02,1964-07,0.032247662044504466,1.0752688172043001,0.3876590245603495
31.05,1964-08,0.09671179883945502,0.9756097560975618,1.1667346233530163
31.08,1964-09,0.09661835748790981,1.171875,1.1656013464200088
31.12,1964-10,0.12870012870014325,1.2032520325203189,1.5553806363251432
31.21,1964-11,0.2892030848329119,1.3970110461338558,3.5261740035976485
31.25,1964-12,0.1281640499839698,1.1981865284974136,1.548856224253381
31.28,1965-01,0.09600000000000719,1.098901098901095,1.1581020662993824
31.28,1965-02,0.0,1.1970236169524417,0.0
31.31,1965-03,0.09590792838873874,1.1958629605688387,1.1569854891337439
31.38,1965-04,0.2235707441711865,1.3893376413570246,2.7160853789601314
31.48,1965-05,0.31867431485022024,1.6139444803098701,3.8918340733610224
31.61,1965-06,0.41296060991105055,1.9348597226700903,5.069645224104691
31.58,1965-07,-0.0949066751028238,1.8052869116698789,-1.132954065044367
31.55,1965-08,-0.09499683343887622,1.6103059581320522,-1.1340247184590813
31.62,1965-09,0.22187004754359307,1.737451737451745,2.6951714247706704
31.65,1965-10,0.0948766603415585,1.7030848329048665,1.1444797963940045
31.75,1965-11,0.3159557661927437,1.7302146747837144,3.8580545702497915
31.85,1965-12,0.31496062992126816,1.9200000000000106,3.8456919572271486
31.88,1966-01,0.09419152276295417,1.9181585677749302,1.136172245298317
32.08,1966-02,0.6273525721455453,2.5575447570332477,7.793497315157905
32.18,1966-03,0.31172069825435855,2.7786649632705274,3.8054515164686276
32.28,1966-04,0.3107520198881275,2.8680688336520044,3.793423160773135
32.35,1966-05,0.21685254027261625,2.763659466327839,2.6334924425967188
32.38,1966-06,0.09273570324574987,2.4359379943056148,1.1185219620588827
32.45,1966-07,0.21618282890674134,2.754908169727699,2.6252624148023207
32.65,1966-08,0.6163328197226425,3.4865293185419866,7.651928356652893
32.75,1966-09,0.3062787136294043,3.5736875395319334,3.7378934116640616
32.85,1966-10,0.3053435114503955,3.791469194312813,3.7262876461452876
32.88,1966-11,0.09132420091324533,3.5590551181102548,1.1014116742087854
32.92,1966-12,0.12165450121655041,3.3594976452119285,1.4696616131093965
32.90,1967-01,-0.060753341433783525,3.19949811794229,-0.7266089845122226
33.00,1967-02,0.3039513677811634,2.8678304239401653,3.709013486993773
33.00,1967-03,0.0,2.5481665630826544,0.0
33.10,1967-04,0.3030303030303161,2.5402726146220633,3.6975860736805144
33.10,1967-05,0.0,2.3183925811437467,0.0
33.30,1967-06,0.6042296072507503,2.8412600370598895,7.496636771163345
33.40,1967-07,0.30030030030030463,2.9275808936825687,3.6637224125997347
33.50,1967-08,0.29940119760478723,2.6033690658499253,3.652571929074777
33.60,1967-09,0.29850746268658135,2.595419847328251,3.6414891052261034
33.70,1967-10,0.29761904761904656,2.5875190258751957,3.630473327152983
33.90,1967-11,0.5934718100890191,3.10218978102188,7.358780086178207
34.00,1967-12,0.2949852507374784,3.280680437424044,3.5978222389799974
34.10,1968-01,0.2941176470588225,3.647416413373872,3.5870686514276606
34.20,1968-02,0.2932551319648091,3.6363636363636376,3.576379149011477
34.30,1968-03,0.29239766081869956,3.9393939393939315,3.565753160623686
34.40,1968-04,0.291545189504383,3.92749244712991,3.555190121922891
34.50,1968-05,0.29069767441860517,4.229607250755274,3.544689475231566
34.70,1968-06,0.5797101449275477,4.2042042042042205,7.182666340098187
34.90,1968-07,0.5763688760806795,4.491017964071853,7.139946708801315
35.00,1968-08,0.2865329512893977,4.477611940298498,3.4931030576045075
35.10,1968-09,0.28571428571428914,4.464285714285721,3.4829654128808007
35.30,1968-10,0.5698005698005604,4.7477744807121525,7.056013441609688
35.40,1968-11,0.28328611898016387,4.424778761061954,3.452902454840645
35.60,1968-12,0.5649717514124353,4.705882352941182,6.994346712892052
35.70,1969-01,0.2808988764045006,4.692082111436946,3.4233539806342916
35.80,1969-02,0.28011204481790397,4.678362573099393,3.413616542984732
36.10,1969-03,0.8379888268156499,5.247813411078739,10.532528054645285
36.30,1969-04,0.5540166204986097,5.523255813953476,6.854564238673233
36.40,1969-05,0.27548209366392573,5.507246376811592,3.3563355825661167
36.60,1969-06,0.5494505494505475,5.475504322766556,6.79635269676595
36.80,1969-07,0.5464480874316724,5.4441260744985565,6.758091005480682
36.90,1969-08,0.27173913043478937,5.428571428571427,3.3100495460305135
37.10,1969-09,0.5420054200542035,5.698005698005693,6.701499197098126
37.30,1969-10,0.5390835579514697,5.665722379603411,6.664294778264068
37.50,1969-11,0.536193029490617,5.932203389830515,6.627501035503269
37.70,1969-12,0.5333333333333412,5.89887640449438,6.591111208487055
37.90,1970-01,0.5305039787798282,6.162464985994376,6.555118684412231
38.10,1970-02,0.5277044854881341,6.424581005586605,6.519516994000929
38.30,1970-03,0.5249343832020914,6.094182825484751,6.484299807625926
38.50,1970-04,0.5221932114882533,6.060606060606077,6.44946093156713
38.60,1970-05,0.25974025974027093,6.043956043956045,3.1617977952504095
38.80,1970-06,0.5181347150258864,6.010928961748618,6.397898725218587
38.90,1970-07,0.2577319587628857,5.7065217391304435,3.1370033425340393
39.00,1970-08,0.25706940874037354,5.691056910569103,3.1288247086566967
39.20,1970-09,0.512820512820511,5.660377358490565,6.330417699760327
39.40,1970-10,0.5102040816326481,5.630026809651478,6.297208038448376
39.60,1970-11,0.5076142131979822,5.600000000000005,6.264344894871576
39.80,1970-12,0.5050505050504972,5.570291777188308,6.231822875236981
39.90,1971-01,0.2512562814070307,5.277044854881274,3.0570919303423594
39.90,1971-02,0.0,4.724409448818889,0.0
40.00,1971-03,0.25062656641603454,4.438642297650142,3.049324124991526
40.10,1971-04,0.24999999999999467,4.155844155844157,3.0415956913506736
40.30,1971-05,0.4987531172069737,4.404145077720201,6.151975843556889
40.50,1971-06,0.496277915632759,4.381443298969079,6.120606863475286
40.60,1971-07,0.24691358024691024,4.370179948586128,3.003533753797183
40.70,1971-08,0.24630541871921707,4.358974358974366,2.996035384730633
40.80,1971-09,0.24570024570023108,4.081632653061207,2.988574359378937
40.90,1971-10,0.2450980392156854,3.8071065989847774,2.9811503994838784
41.00,1971-11,0.24449877750611915,3.535353535353525,2.973763229543369
41.10,1971-12,0.24390243902439046,3.266331658291466,2.966412576779187
41.20,1972-01,0.24330900243310083,3.2581453634085378,2.959098171103447
41.40,1972-02,0.4854368932038833,3.759398496240607,5.983315385294774
41.40,1972-03,0.0,3.499999999999992,0.0
41.50,1972-04,0.24154589371980784,3.4912718204488824,2.937369775378662
41.60,1972-05,0.24096385542169418,3.2258064516129226,2.9301977098223464
41.70,1972-06,0.24038461538462563,2.9629629629629672,2.923060580119774
41.80,1972-07,0.23980815347719453,2.9556650246305383,2.915958131643559
41.90,1972-08,0.23923444976077235,2.9484029484029284,2.908890112236251
42.10,1972-09,0.4773269689737569,3.1862745098039325,5.8807172073031655
42.20,1972-10,0.23752969121140222,3.1784841075794823,2.8878901432352944
42.40,1972-11,0.4739336492890933,3.4146341463414664,5.837815541328517
42.50,1972-12,0.2358490566037874,3.406326034063256,2.8671911889074586
42.70,1973-01,0.47058823529413374,3.6407766990291357,5.7955351452952275
43.00,1973-02,0.7025761124121788,3.864734299516903,8.764449650952288
43.40,1973-03,0.9302325581395321,4.8309178743961345,11.751995587629072
43.70,1973-04,0.691244239631339,5.301204819277117,8.61767179040347
43.90,1973-05,0.4576659038901587,5.528846153846145,5.632364016134628
44.20,1973-06,0.6833712984054774,5.995203836930463,8.515803203381655
44.20,1973-07,0.0,5.741626794258381,0.0
45.00,1973-08,1.8099547511312153,7.398568019093088,24.0174887824401
45.20,1973-09,0.4444444444444473,7.3634204275534465,5.4656545687868485
45.60,1973-10,0.8849557522123908,8.056872037914697,11.151900877294342
45.90,1973-11,0.6578947368421018,8.25471698113207,8.186759957358891
46.30,1973-12,0.8714596949890963,8.94117647058823,10.973597681735425
46.80,1974-01,1.0799136069114423,9.601873536299754,13.757056146585157
47.30,1974-02,1.0683760683760646,9.999999999999986,13.601339419201386
47.80,1974-03,1.0570824524312794,10.138248847926267,13.449104061264405
48.10,1974-04,0.6276150627615218,10.068649885583515,7.796871569183272
48.60,1974-05,1.039501039501034,10.70615034168565,13.212482771754953
49.00,1974-06,0.8230452674897082,10.859728506787313,10.336125434125165
49.30,1974-07,0.6122448979591688,11.538461538461519,7.599454847769249
49.90,1974-08,1.2170385395537497,10.888888888888882,15.622809003488559
50.60,1974-09,1.4028056112224574,11.946902654867241,18.195149579012448
51.00,1974-10,0.7905138339920903,11.842105263157897,9.909671817819742
51.50,1974-11,0.9803921568627416,12.200435729847502,12.420272928946186
51.90,1974-12,0.7766990291262044,12.095032397408211,9.729031418795175
52.30,1975-01,0.7707129094412402,11.752136752136755,9.650842324952592
52.60,1975-02,0.5736137667304186,11.205073995771686,7.104733132882979
52.80,1975-03,0.3802281368821214,10.460251046025103,4.6593758793923135
53.00,1975-04,0.37878787878788955,10.187110187110182,4.641357436353699
53.10,1975-05,0.18867924528302993,9.259259259259256,2.2877952516427547
53.50,1975-06,0.7532956685499137,9.183673469387754,9.423633373441165
54.00,1975-07,0.9345794392523255,9.533468559837743,11.80976472702644
54.20,1975-08,0.37037037037037646,8.617234468937895,4.536106509397131
54.60,1975-09,0.7380073800737907,7.905138339920947,9.224552485742787
54.90,1975-10,0.5494505494505475,7.647058823529407,6.79635269676595
55.30,1975-11,0.7285974499089187,7.37864077669903,9.10218347317544
55.60,1975-12,0.5424954792043524,7.129094412331405,6.70774034348578
55.80,1976-01,0.3597122302158251,6.692160611854692,4.402978376989575
55.90,1976-02,0.17921146953405742,6.273764258555126,2.1718618271799217
56.00,1976-03,0.17889087656530744,6.060606060606055,2.167938258188107
56.10,1976-04,0.17857142857142794,5.849056603773595,2.1640288393194984
56.40,1976-05,0.5347593582887722,6.214689265536721,6.609256049237322
56.70,1976-06,0.5319148936170359,5.981308411214958,6.573065691229907
57.00,1976-07,0.5291005291005346,5.555555555555558,6.537269383829036
57.30,1976-08,0.5263157894736858,5.719557195571956,6.501860728058628
57.60,1976-09,0.523560209424101,5.494505494505497,6.466833462706023
57.90,1976-10,0.5208333333333259,5.464480874316946,6.432181460634867
58.10,1976-11,0.3454231433505983,5.063291139240511,4.22474085197011
58.40,1976-12,0.5163511187607606,5.035971223021574,6.375245812734298
58.70,1977-01,0.5136986301369939,5.197132616487465,6.341565539468608
59.30,1977-02,1.0221465076660996,6.082289803220031,12.979358741634472
59.60,1977-03,0.5059021922428464,6.428571428571428,6.24262597412506
60.00,1977-04,0.6711409395973034,6.951871657754016,8.357727344123367
60.20,1977-05,0.33333333333334103,6.737588652482285,4.07415429197906
60.50,1977-06,0.4983388704318914,6.701940035273357,6.146725376411499
60.80,1977-07,0.49586776859502635,6.666666666666665,6.1154097664519735
61.10,1977-08,0.49342105263159297,6.631762652705064,6.084411536271861
61.30,1977-09,0.3273322422258529,6.423611111111094,3.9994808355953593
61.60,1977-10,0.4893964110930016,6.390328151986191,6.0334401162494
62.00,1977-11,0.6493506493506551,6.712564543889843,8.076613517952168
62.30,1977-12,0.4838709677419395,6.67808219178081,5.96349785709569
62.70,1978-01,0.6420545746388617,6.814310051107331,7.982637264843229
63.00,1978-02,0.4784688995215225,6.2394603709949426,5.895158194584993
63.40,1978-03,0.6349206349206327,6.375838926174482,7.890821806073167
63.90,1978-04,0.7886435331230235,6.499999999999995,9.885200089077962
64.50,1978-05,0.9389671361502261,7.14285714285714,11.86810405987444
65.00,1978-06,0.7751937984496138,7.438016528925617,9.709365689948601
65.50,1978-07,0.7692307692307665,7.7302631578947345,9.631490895747486
65.90,1978-08,0.6106870229007688,7.855973813420625,7.579463774211748
66.50,1978-09,0.9104704097116834,8.482871125611746,11.48970556073663
67.10,1978-10,0.9022556390977376,8.92857142857142,11.380842438791694
67.50,1978-11,0.5961251862891315,8.870967741935477,7.392766931278105
67.90,1978-12,0.5925925925926112,8.988764044943842,7.347520447311662
68.50,1979-01,0.8836524300441795,9.250398724082931,11.134670584535789
69.20,1979-02,1.0218978102189746,9.84126984126985,12.976021180678199
69.90,1979-03,1.0115606936416333,10.252365930599371,12.837375287269248
70.60,1979-04,1.0014306151645114,10.485133020344284,12.7016576100496
71.40,1979-05,1.1331444759207,10.697674418604652,14.478025110649329
72.20,1979-06,1.1204481792717047,11.076923076923073,14.305684717698064
73.00,1979-07,1.1080332409972193,11.45038167938932,14.137393514437079
73.70,1979-08,0.9589041095890538,11.836115326251884,12.133540008736343
74.40,1979-09,0.9497964721845387,11.879699248120312,12.012211624505543
75.20,1979-10,1.0752688172043001,12.071535022354718,13.69434409240271
76.00,1979-11,1.0638297872340496,12.592592592592599,13.540034086070518
76.90,1979-12,1.1842105263157876,13.254786450662737,15.173607527616184
78.00,1980-01,1.4304291287386084,13.868613138686126,18.58210479527498
79.00,1980-02,1.2820512820512775,14.161849710982644,16.51715266188518
80.10,1980-03,1.3924050632911245,14.592274678111572,18.04975702313778
80.90,1980-04,0.998751560549338,14.589235127478762,12.665790016915214
81.70,1980-05,0.9888751545117369,14.425770308123242,12.533653553300606
82.50,1980-06,0.9791921664626724,14.265927977839322,12.40424275572285
82.60,1980-07,0.12121212121212199,13.15068493150684,1.464281710979165
83.20,1980-08,0.7263922518159882,12.890094979647216,9.073524724919668
83.90,1980-09,0.8413461538461675,12.768817204301076,10.576697337692863
84.70,1980-10,0.9535160905840279,12.632978723404253,12.061748381506021
85.60,1980-11,1.0625737898465104,12.631578947368416,13.523102658944541
86.40,1980-12,0.9345794392523477,12.353706111833551,11.80976472702675
87.20,1981-01,0.92592592592593,11.794871794871797,11.694788330501327
88.00,1981-02,0.917431192660545,11.392405063291132,11.582027017510699
88.60,1981-03,0.6818181818181834,10.611735330836458,8.49571765477657
89.10,1981-04,0.5643340857787837,10.135970333745359,6.9862057981324055
89.70,1981-05,0.6734006734006925,9.79192166462668,8.38691821438433
90.50,1981-06,0.8918617614269708,9.696969696969692,11.243241170996864
91.50,1981-07,1.104972375690605,10.774818401937058,14.095936746254578
92.20,1981-08,0.7650273224043769,10.817307692307686,9.576626001635113
93.10,1981-09,0.9761388286333883,10.96543504171632,12.363463932161878
93.40,1981-10,0.3222341568206444,10.271546635182993,3.9360823495899755
93.80,1981-11,0.4282655246252487,9.579439252336464,5.261982631932716
94.10,1981-12,0.31982942430703876,8.912037037037024,3.9061900095073154
94.40,1982-01,0.31880977683316214,8.25688073394495,3.893517528427126
94.70,1982-02,0.3177966101694851,7.613636363636367,3.880926996063705
94.70,1982-03,0.0,6.884875846501148,0.0
95.00,1982-04,0.31678986272438703,6.621773288439958,3.868417620167608
95.90,1982-05,0.9473684210526301,6.911928651059096,11.979886400106166
97.00,1982-06,1.147028154327412,7.182320441988943,14.666755722646418
97.50,1982-07,0.5154639175257714,6.557377049180335,6.363979386883134
97.70,1982-08,0.20512820512821328,5.965292841648595,2.4895004325550696
97.70,1982-09,0.0,4.940923737916236,0.0
98.10,1982-10,0.4094165813715467,5.032119914346889,5.025153252970949
98.00,1982-11,-0.10193679918449883,4.47761194029852,-1.2164067067800266
97.70,1982-12,-0.3061224489795844,3.825717321997879,-3.612246947106601
97.90,1983-01,0.20470829068577334,3.7076271186440746,2.4843467047607204
98.00,1983-02,0.10214504596526286,3.484688489968324,1.232650234746746
98.10,1983-03,0.10204081632652073,3.5902851108764455,1.2313853608962422
98.80,1983-04,0.7135575942915473,4.0000000000000036,8.906862466866915
99.20,1983-05,0.4048582995951566,3.44108446298228,4.967953670151615
99.40,1983-06,0.20161290322580072,2.4742268041237248,2.4463634751223484
99.80,1983-07,0.4024144869215096,2.358974358974364,4.937299255699856
100.10,1983-08,0.30060120240480437,2.456499488229258,3.667454383111468
100.40,1983-09,0.29970029970030065,2.763561924257929,3.656281208643186
100.80,1983-10,0.3984063745019917,2.752293577981657,4.887040525325337
101.10,1983-11,0.29761904761904656,3.1632653061224536,3.630473327152983
101.40,1983-12,0.29673590504453173,3.7871033776867957,3.619523988359985
102.10,1984-01,0.6903353057199135,4.290091930541351,8.605906550883358
102.60,1984-02,0.48971596474045587,4.693877551020398,6.037486389751634
102.90,1984-03,0.29239766081872176,4.892966360856277,3.5657531606239523
103.30,1984-04,0.38872691933915515,4.5546558704453455,4.765758372911977
103.50,1984-05,0.1936108422071703,4.3346774193548265,2.34823067434089
103.70,1984-06,0.19323671497584183,4.325955734406439,2.3436446964369306
104.10,1984-07,0.38572806171648377,4.308617234468937,4.728209219062007
104.40,1984-08,0.2881844380403509,4.295704295704317,3.5135564083844217
104.70,1984-09,0.2873563218390718,4.2828685258964105,3.5032998828772532
105.10,1984-10,0.3820439350525229,4.265873015873023,4.682096594233887
105.30,1984-11,0.19029495718363432,4.154302670623156,2.3075917718264005
105.50,1984-12,0.18993352326686086,4.043392504930954,2.303162995570851
105.70,1985-01,0.18957345971564177,3.52595494613126,2.2987511856265685
106.30,1985-02,0.5676442762535316,3.6062378167641462,7.028472334501212
106.80,1985-03,0.470366886171214,3.790087463556846,5.792738211517534
107.00,1985-04,0.18726591760300781,3.581800580832528,2.270481324651641
107.20,1985-05,0.18691588785046953,3.5748792270531515,2.2661937110823205
107.50,1985-06,0.2798507462686617,3.6644165863066513,3.410383027564423
107.70,1985-07,0.18604651162790198,3.458213256484166,2.2555451883769617
107.90,1985-08,0.18570102135562205,3.3524904214559337,2.25131374569687
108.10,1985-09,0.1853568118628246,3.2473734479465,2.247098149169857
108.50,1985-10,0.37002775208141436,3.2350142721217834,4.531824531431372
109.00,1985-11,0.4608294930875667,3.5137701804368593,5.672289525834651
109.50,1985-12,0.4587155963302836,3.791469194312791,5.645609938049789
109.90,1986-01,0.36529680365298134,3.9735099337748325,4.472714476654649
109.70,1986-02,-0.18198362147406888,3.19849482596426,-2.162077603640866
109.10,1986-03,-0.5469462169553352,2.1535580524344455,-6.36947120141762
108.70,1986-04,-0.36663611365719273,1.5887850467289688,-4.311990172976666
109.00,1986-05,0.2759889604415866,1.679104477611948,3.3626050332599577
109.40,1986-06,0.3669724770642313,1.7674418604651132,4.493647396500267
109.50,1986-07,0.0914076782449591,1.671309192200554,1.1024235159275086
109.60,1986-08,0.09132420091324533,1.575532900834098,1.1014116742087854
110.00,1986-09,0.36496350364965124,1.757631822386685,4.468551270302812
110.20,1986-10,0.1818181818181941,1.5668202764977046,2.203769137565126
110.40,1986-11,0.1814882032667997,1.2844036697247763,2.1997295493827673
110.80,1986-12,0.36231884057971175,1.187214611872145,4.435522523352309
111.40,1987-01,0.5415162454873723,1.364877161055511,6.695269650028135
111.80,1987-02,0.35906642728904536,1.9143117593436676,4.394916811889171
112.20,1987-03,0.3577817531305927,2.8414298808432603,4.378881906633336
112.70,1987-04,0.4456327985739694,3.679852805887762,5.480628661473141
113.00,1987-05,0.2661934338952898,3.669724770642202,3.2415055740415255
113.50,1987-06,0.4424778761061843,3.7477148080438782,5.440878713554453
113.80,1987-07,0.2643171806167466,3.926940639269394,3.218324806336792
114.30,1987-08,0.4393673110720586,4.2883211678832245,5.4017010836407975
114.70,1987-09,0.34995625546807574,4.2727272727272725,4.281255219398217
115.00,1987-10,0.2615518744550904,4.355716878402904,3.184168649760011
115.40,1987-11,0.3478260869565375,4.528985507246386,4.254694883342935
115.60,1987-12,0.17331022530329143,4.332129963898912,2.09966172169751
116.00,1988-01,0.34602076124568004,4.129263913824044,4.232189754999038
116.20,1988-02,0.17241379310344307,3.9355992844364973,2.0886982122100273
116.50,1988-03,0.2581755593803692,3.832442067736186,3.1424795587864374
117.20,1988-04,0.6008583690987113,3.9929015084294583,7.453418312381532
117.50,1988-05,0.25597269624573205,3.9823008849557473,3.115288003453265
118.00,1988-06,0.42553191489360653,3.96475770925111,5.227605604120478
118.50,1988-07,0.4237288135593209,4.130052724077338,5.20493599446199
119.00,1988-08,0.42194092827003704,4.111986001749779,5.182462109920638
119.50,1988-09,0.42016806722688926,4.184829991281602,5.160181427114452
119.90,1988-10,0.33472803347280866,4.260869565217407,4.091516019805819
120.30,1988-11,0.33361134278564464,4.246100519930662,4.077614841563104
120.70,1988-12,0.33250207813799726,4.4117647058823595,4.063807791579488
121.20,1989-01,0.41425020712511085,4.482758620689653,5.085839200544351
121.60,1989-02,0.3300330033003229,4.647160068846801,4.033081171580166
122.20,1989-03,0.49342105263159297,4.892703862660941,6.084411536271861
123.10,1989-04,0.7364975450081745,5.034129692832767,9.204909754627355
123.70,1989-05,0.4874086108854758,5.276595744680845,6.008273238322448
124.10,1989-06,0.3233629749393563,5.1694915254237195,3.9501169884623044
124.50,1989-07,0.3223207091055613,5.063291139240511,3.937158395972884
124.50,1989-08,0.0,4.621848739495804,0.0
124.80,1989-09,0.24096385542169418,4.435146443514637,2.9301977098223464
125.40,1989-10,0.48076923076922906,4.587155963302747,5.924253934442381
125.90,1989-11,0.3987240829345984,4.655029093931851,4.89102354598534
126.30,1989-12,0.3177124702144596,4.639602319801162,3.8798814591997965
127.50,1990-01,0.9501187648456089,5.198019801980203,12.016503026639569
128.00,1990-02,0.39215686274509665,5.263157894736836,4.8087203468488715
128.60,1990-03,0.46874999999999556,5.237315875613735,5.7723095401308155
128.90,1990-04,0.2332814930015692,4.711616571892785,2.835576051007882
129.10,1990-05,0.15515903801395226,4.365400161681476,1.877879977328245
129.90,1990-06,0.6196746707978429,4.673650282030639,7.69484255500692
130.50,1990-07,0.4618937644341736,4.819277108433728,5.685724080601351
131.60,1990-08,0.8429118773946254,5.702811244979911,10.59730166294428
132.50,1990-09,0.6838905775075954,6.169871794871806,8.522519496641113
133.40,1990-10,0.6792452830188811,6.379585326953752,8.462451357989952
133.70,1990-11,0.2248875562218755,6.195393169181873,2.7322812761045423
134.20,1990-12,0.37397157816005944,6.254948535233562,4.581123444585766
134.70,1991-01,0.37257824143070994,5.647058823529405,4.563703917168183
134.80,1991-02,0.07423904974017681,5.312500000000009,0.8945151616340574
134.80,1991-03,0.0,4.821150855365497,0.0
135.10,1991-04,0.2225519287833766,4.809930178432875,2.703556245118288
135.60,1991-05,0.37009622501851247,5.034856700232382,4.532680280271428
136.00,1991-06,0.2949852507374784,4.695919938414161,3.5978222389799974
136.20,1991-07,0.14705882352941124,4.367816091954024,1.7790494382432076
136.60,1991-08,0.2936857562408246,3.7993920972644313,3.5817159254315722
137.00,1991-09,0.2928257686676483,3.396226415094339,3.571058250992909
137.20,1991-10,0.14598540145984717,2.8485757121439192,1.7659592360343312
137.80,1991-11,0.4373177842565745,3.0665669409125185,5.375894544748849
138.20,1991-12,0.2902757619738683,2.980625931445613,3.5394623764140487
138.30,1992-01,0.07235890014474222,2.672605790645899,0.8717707850709688
138.60,1992-02,0.2169197396963085,2.8189910979228294,2.634318284175796
139.10,1992-03,0.3607503607503615,3.189910979228472,4.415938567941402
139.40,1992-04,0.21567217828901697,3.1828275351591495,2.618987477939272
139.70,1992-05,0.21520803443326741,3.0235988200590036,2.613284326937726
140.10,1992-06,0.28632784538296097,3.0147058823529305,3.490563118414447
140.50,1992-07,0.2855103497501732,3.1571218795888534,3.4804401883338
140.80,1992-08,0.2135231316725994,3.0746705710102518,2.592583586269903
141.10,1992-09,0.21306818181816567,2.9927007299270114,2.586994721919167
141.70,1992-10,0.425230333097093,3.279883381924198,5.2238136354144205
142.10,1992-11,0.2822865208186309,3.1204644412191396,3.440528828166234
142.30,1992-12,0.14074595355384467,2.966714905933454,1.702087194916646
142.80,1993-01,0.35137034434293835,3.2537960954446943,4.298890430950464
143.10,1993-02,0.21008403361342243,3.2467532467532534,2.550342656297344
143.30,1993-03,0.13976240391335715,3.0194104960460155,1.6901012269233906
143.80,1993-04,0.34891835310537633,3.1563845050215145,4.268313198276474
144.20,1993-05,0.2781641168289051,3.2211882605583497,3.389513567355751
144.30,1993-06,0.06934812760057696,2.9978586723768963,0.8353589272587225
144.50,1993-07,0.1386001386001201,2.8469750889679624,1.6759390204170277
144.80,1993-08,0.20761245674740803,2.840909090909083,2.519995210447279
145.00,1993-09,0.13812154696131174,2.7639971651311157,1.6701079053279777
145.60,1993-10,0.4137931034482678,2.752293577981657,5.080098909211528
146.00,1993-11,0.27472527472527375,2.7445460942997935,3.3469751147512383
146.30,1993-12,0.205479452054802,2.8109627547435068,2.4938115671305994
146.30,1994-01,0.0,2.450980392156854,0.0
146.70,1994-02,0.2734107997265811,2.515723270440251,3.33071930703146
147.10,1994-03,0.27266530334015826,2.6517794836008246,3.321500967604263
147.20,1994-04,0.06798096532969478,2.364394993045882,0.8188286379234633
147.50,1994-05,0.20380434782609758,2.288488210818307,2.473253166488054
147.90,1994-06,0.2711864406779618,2.494802494802495,3.3032165130281843
148.40,1994-07,0.33806626098715764,2.69896193771626,4.133082256608689
149.00,1994-08,0.40431266846361336,2.900552486187835,4.961108733860864
149.30,1994-09,0.2013422818792021,2.965517241379323,2.4430433176657385
149.40,1994-10,0.06697923643670389,2.609890109890123,0.8067183618047924
149.80,1994-11,0.2677376171352108,2.602739726027403,3.2605872567184724
150.10,1994-12,0.20026702269690944,2.597402597402576,2.4298523180906084
150.50,1995-01,0.26648900732844094,2.8708133971291794,3.2451577650699504
150.90,1995-02,0.2657807308970028,2.862985685071595,3.236406294269556
151.20,1995-03,0.1988071570576455,2.7872195785180187,2.4119455586304017
151.80,1995-04,0.3968253968254176,3.125000000000022,4.867222317300279
152.10,1995-05,0.19762845849802257,3.1186440677966054,2.397489697565147
152.40,1995-06,0.19723865877712132,3.0425963488843744,2.39270950551973
152.60,1995-07,0.1312335958005173,2.8301886792452713,1.5862197091857766
152.90,1995-08,0.1965923984272644,2.6174496644295386,2.3847847361209373
153.10,1995-09,0.1308044473512071,2.54521098459477,1.580995220546555
153.50,1995-10,0.2612671456564408,2.7443105756358666,3.1806523612188053
153.70,1995-11,0.13029315960910726,2.603471295060067,1.5747710829028483
153.90,1995-12,0.13012361743658385,2.5316455696202667,1.5727072463021852
154.70,1996-01,0.5198180636777128,2.7906976744185963,6.4192824794153
155.00,1996-02,0.19392372333548735,2.717031146454607,2.3520660542175165
155.50,1996-03,0.3225806451612856,2.8439153439153486,3.9403900676267867
156.10,1996-04,0.38585209003214604,2.832674571805005,4.729761951934619
156.40,1996-05,0.19218449711724261,2.827087442472065,2.3307478270284454
156.70,1996-06,0.19181585677747748,2.8215223097112663,2.326229812558611
157.00,1996-07,0.19144862795150708,2.8833551769331667,2.3217292792469646
157.20,1996-08,0.1273885350318471,2.8122956180510084,1.5394184039425163
157.70,1996-09,0.31806615776082126,3.0045721750489918,3.8842765035379534
158.20,1996-10,0.3170577045022105,3.0618892508143203,3.8717455628035413
158.70,1996-11,0.3160556257901348,3.2530904359141077,3.859295204031543
159.10,1996-12,0.2520478890989386,3.378817413905133,3.0668575132739573
159.40,1997-01,0.18856065367693908,3.0381383322559907,2.286342345580916
159.70,1997-02,0.18820577164364583,3.0322580645161246,2.281994678213617
159.80,1997-03,0.06261740763933155,2.7652733118971096,0.7540021209374803
159.90,1997-04,0.06257822277846437,2.434336963484962,0.7535286546435982
159.90,1997-05,0.0,2.237851662404089,0.0
160.20,1997-06,0.18761726078797558,2.233567326100827,2.274785192537143
160.40,1997-07,0.12484394506866447,2.165605095541401,1.5084570363403493
160.80,1997-08,0.24937655860348684,2.2900763358778775,3.0339063308601144
161.20,1997-09,0.24875621890545485,2.21940393151554,3.0262557479709074
161.50,1997-10,0.18610421836229296,2.0859671302149163,2.2562519756973876
161.70,1997-11,0.12383900928791824,1.8903591682419618,1.4962318368182403
161.80,1997-12,0.06184291898578831,1.6970458830924073,0.7446444393168106
162.00,1998-01,0.12360939431395046,1.6311166875784044,1.49343872449903
162.00,1998-02,0.0,1.440200375704448,0.0
162.00,1998-03,0.0,1.3767209011263937,0.0
162.20,1998-04,0.12345679012344402,1.4383989993745905,1.4915824357396579
162.60,1998-05,0.2466091245376223,1.6885553470919357,2.9997798837998246
162.80,1998-06,0.12300123001232066,1.6229712858926382,1.4860411536825602
163.20,1998-07,0.24570024570023108,1.74563591022443,2.988574359378937
163.40,1998-08,0.1225490196078427,1.6169154228855787,1.480540890629034
163.50,1998-09,0.0611995104039087,1.4267990074441794,0.7368711253855187
163.90,1998-10,0.24464831804280607,1.4860681114551078,2.9756065879338767
164.10,1998-11,0.12202562538132788,1.4842300556586308,1.4741751555207738
164.40,1998-12,0.1828153564899626,1.606922126081578,2.215977411440284
164.70,1999-01,0.18248175182480342,1.6666666666666607,2.2118929861094427
164.70,1999-02,0.0,1.6666666666666607,0.0
164.80,1999-03,0.06071645415908211,1.7283950617283939,0.7310354628647042
165.90,1999-04,0.6674757281553312,2.281134401972884,8.310396067949565
166.00,1999-05,0.06027727546713546,2.091020910209096,0.7257301412910255
166.00,1999-06,0.0,1.9656019656019597,0.0
166.70,1999-07,0.42168674698794817,2.1446078431372584,5.179267384866915
167.10,1999-08,0.23995200959807672,2.2643818849449104,2.9177305062295877
167.80,1999-09,0.418910831837227,2.629969418960254,5.144383564905297
168.10,1999-10,0.17878426698449967,2.56253813300793,2.1666335501136613
168.40,1999-11,0.17846519928614857,2.6203534430225606,2.162728830946703
168.80,1999-12,0.23752969121140222,2.676399026763998,2.8878901432352944
169.30,2000-01,0.2962085308056972,2.792956891317555,3.612986026369236
170.00,2000-02,0.41346721795627595,3.2179720704310855,5.076006626576435
171.00,2000-03,0.588235294117645,3.762135922330101,7.291734975749509
170.90,2000-04,-0.05847953216373547,3.013863773357439,-0.6995016752451622
171.20,2000-05,0.17554125219425565,3.1325301204819134,2.126952223929579
172.20,2000-06,0.5841121495327117,3.7349397590361377,7.238971793406845
172.70,2000-07,0.29036004645761615,3.5992801439711952,3.5405065626510357
172.70,2000-08,0.0,3.3512866546977715,0.0
173.60,2000-09,0.5211349160393786,3.45649582836709,6.436013339129043
173.90,2000-10,0.1728110599078514,3.4503271861986873,2.0935567157442048
174.20,2000-11,0.17251293847038163,3.444180522565321,2.089910722859578
174.60,2000-12,0.22962112514350874,3.4360189573459543,2.7905203046077354
175.60,2001-01,0.572737686139746,3.7212049616065945,7.093538003781807
176.00,2001-02,0.2277904328018332,3.529411764705892,2.7679929622710375
176.10,2001-03,0.05681818181817455,2.9824561403508643,0.6839529041820613
176.40,2001-04,0.17035775127769437,3.2182562902282053,2.0635565670603206
177.30,2001-05,0.5102040816326481,3.5630841121495394,6.297208038448376
177.70,2001-06,0.2256063169768563,3.193960511033689,2.7411225345663537
177.40,2001-07,-0.16882386043892694,2.7214823393167498,-2.0071807950981624
177.40,2001-08,0.0,2.7214823393167498,0.0
178.10,2001-09,0.3945885005636862,2.5921658986175045,4.839187763059738
177.60,2001-10,-0.28074115665356336,2.127659574468077,-3.317359313875312
177.50,2001-11,-0.05630630630630851,1.894374282433997,-0.6735871339164756
177.40,2001-12,-0.05633802816901179,1.603665521191311,-0.6739654445289678
177.7,2002-01,0.16910935738443378,1.1958997722095743,2.048293753954833
178.0,2002-02,0.16882386043894915,1.1363636363636465,2.0448035738412473
178.5,2002-03,0.2808988764045006,1.3628620102214661,3.4233539806342916
179.3,2002-04,0.4481792717086819,1.643990929705219,5.512722565661665
179.5,2002-05,0.1115448968209698,1.2408347433727984,1.346781266027186
179.6,2002-06,0.055710306406675514,1.0692177827799743,0.6705758867928457
180.0,2002-07,0.22271714922048602,1.465614430665152,2.705587989070235
180.5,2002-08,0.2777777777777768,1.747463359639223,3.3847337558533974
180.8,2002-09,0.16620498614958734,1.516002245929271,2.0127931246093134
181.2,2002-10,0.22123893805308104,2.0270270270270174,2.687411483437452
181.5,2002-11,0.16556291390728006,2.2535211267605604,2.0049464932623717
181.8,2002-12,0.16528925619836432,2.4802705749718212,2.001602347466558
182.6,2003-01,0.44004400440043057,2.757456387169399,5.410222914016494
183.6,2003-02,0.5476451259583737,3.146067415730336,6.773343886341232
183.9,2003-03,0.16339869281045694,3.025210084033625,1.9785020724382152
183.2,2003-04,-0.38064165307233333,2.175125488008911,-4.473276693187122
182.9,2003-05,-0.16375545851528006,1.8941504178273005,-1.9474632933575653
183.1,2003-06,0.10934937124111865,1.948775055679297,1.3201130993599097
183.7,2003-07,0.3276897870016393,2.055555555555544,4.003928500942022
184.5,2003-08,0.4354926510615087,2.216066481994461,5.352918325169176
185.1,2003-09,0.3252032520325132,2.378318584070782,3.973000948616434
184.9,2003-10,-0.10804970286331095,2.041942604856528,-1.2889187916813927
185.0,2003-11,0.05408328826392861,1.9283746556473913,0.6509334450337523
185.5,2003-12,0.2702702702702675,2.0352035203520247,3.2918905960976685
186.3,2004-01,0.43126684636118906,2.026286966046009,5.2997381791198395
186.7,2004-02,0.21470746108425143,1.688453159041381,2.6071338754898976
187.1,2004-03,0.2142474558114671,1.7400761283306032,2.601482174391978
187.4,2004-04,0.16034206306787535,2.2925764192139875,1.9411640969726252
188.2,2004-05,0.4268943436499306,2.8977583378895444,5.244737798803456
188.9,2004-06,0.37194473963868546,3.1676679410158393,4.555784742959101
189.1,2004-07,0.10587612493382359,2.939575394665228,1.2779381096373887
189.2,2004-08,0.052882072977267214,2.5474254742547275,0.6364338320852481
189.8,2004-09,0.3171247357294016,2.5391680172879516,3.8725784432316335
190.8,2004-10,0.5268703898840821,3.1909140075716547,6.508911749574087
191.7,2004-11,0.4716981132075304,3.621621621621607,5.809560415487058
191.7,2004-12,0.0,3.3423180592991875,0.0
191.6,2005-01,-0.052164840897228615,2.8448738593666034,-0.6241852373789158
192.4,2005-02,0.41753653444676075,3.0530262453133394,5.127117242303414
193.1,2005-03,0.36382536382535413,3.2068412613575736,4.454336062254716
193.7,2005-04,0.31071983428274663,3.3617929562433257,3.7930235248581745
193.6,2005-05,-0.05162622612286949,2.869287991498415,-0.61775866074254
193.7,2005-06,0.05165289256197081,2.541026998411855,0.6215986401771456
194.9,2005-07,0.6195147134744561,3.067160232681121,7.692788114477911
196.1,2005-08,0.6157003591585442,3.6469344608879517,7.643808413068753
198.8,2005-09,1.37684854665987,4.741833508956805,17.832593526336925
199.1,2005-10,0.15090543259557165,4.350104821802936,1.8259708678942221
198.1,2005-11,-0.5022601707684538,3.3385498174230532,-5.863383177607828
198.1,2005-12,0.0,3.3385498174230532,0.0
199.3,2006-01,0.6057546693589266,4.018789144050117,7.5161929330288535
199.4,2006-02,0.050175614651282174,3.63825363825363,0.6037717689553856
199.7,2006-03,0.15045135406217547,3.4179181771103018,1.8204309278207376
200.7,2006-04,0.5007511266900355,3.613835828600931,6.177303423131031
201.3,2006-05,0.2989536621823774,3.9772727272727293,3.6470220982346646
201.8,2006-06,0.24838549428713996,4.1817243159525175,3.0216838896524267
202.9,2006-07,0.5450941526263575,4.104669061056954,6.74084133113575
203.8,2006-08,0.44356826022671214,3.926568077511483,5.454615283227371
202.8,2006-09,-0.4906771344455385,2.012072434607637,-5.731791893442573
201.9,2006-10,-0.4437869822485285,1.4063284781516971,-5.197362632217617
202.0,2006-11,0.04952947003467045,1.9687026754164672,0.5959754076334756
203.1,2006-12,0.544554455445545,2.5239777889954462,6.733966084051013
203.437,2007-01,0.1659281142294633,2.075765178123423,2.0094094626016856
204.226,2007-02,0.3878350545869269,2.420260782347028,4.754589909133489
205.288,2007-03,0.5200121434097538,2.798197295943927,6.4217481478441085
205.904,2007-04,0.3000662483924943,2.5929247633283525,3.660819643949642
206.755,2007-05,0.41329940166290324,2.709885742672613,5.07389934303859
207.234,2007-06,0.23167517109623503,2.692765113974227,2.8158014838965517
207.603,2007-07,0.17805958481715844,2.3178905864958077,2.1577651583887025
207.667,2007-08,0.030828070885302594,1.897448478900876,0.3705647397985068
208.547,2007-09,0.42375533907650365,2.8338264299802685,5.205269455817119
209.190,2007-10,0.3083237831280172,3.610698365527476,3.76327666730778
210.834,2007-11,0.7858884267890387,4.373267326732666,9.849160326500916
211.445,2007-12,0.2898014551732553,4.108813392417532,3.533586449555215
212.174,2008-01,0.3447705076970342,4.294695655165981,4.216606747204343
212.687,2008-02,0.24178268779397882,4.142959270611968,2.9402877602096256
213.448,2008-03,0.3578027806118822,3.9749035501344343,4.379144346971553
213.942,2008-04,0.2314381020201539,3.9037609759888126,2.81288334889227
215.208,2008-05,0.5917491656617146,4.088413823123993,7.336720175176414
217.463,2008-06,1.04782350098509,4.935966105947864,13.324435045364623
219.016,2008-07,0.7141444751521009,5.497512078341837,8.91447821233784
218.690,2008-08,-0.14884757278006422,5.308017162091239,-1.7716204867686103
218.877,2008-09,0.08550916822900323,4.953319875136075,1.0309496000342921
216.995,2008-10,-0.8598436564828615,3.7310578899565128,-9.843884057653597
213.153,2008-11,-1.7705477084725474,1.0999174706166848,-19.29495757748351
211.398,2008-12,-0.8233522399403226,-0.02222800255385904,-9.444861955805361
211.933,2009-01,0.2530771341261451,-0.11358601902212717,3.079555952018276
212.705,2009-02,0.3642660652187324,0.008463140671510772,4.459840150967587
212.495,2009-03,-0.0987282856538485,-0.4464787676623838,-1.178327351091757
212.709,2009-04,0.10070825195886979,-0.5763244243767063,1.2152153655990094
213.022,2009-05,0.14714939189219844,-1.015761495855172,1.780153974851495
214.790,2009-06,0.8299612246622345,-1.2291746182109153,10.426981789948965
214.726,2009-07,-0.029796545463012247,-1.9587610037622771,-0.35697315664251494
215.445,2009-08,0.33484533777929926,-1.4838355663267633,4.092976386941283
215.861,2009-09,0.19308872334005134,-1.377942862886472,2.3418306961097812
216.509,2009-10,0.3001931798703783,-0.22396829420033848,3.6623938697436964
217.234,2009-11,0.3348590589767664,1.9145871744709275,4.09314720871552
217.347,2009-12,0.052017639964274665,2.8141231232083674,0.6260006307361676
217.488,2010-01,0.06487322116246474,2.6211113889767157,0.7812623021764775
217.281,2010-02,-0.09517766497462166,2.151336357866529,-1.1361721073902986
217.353,2010-03,0.03313681361922782,2.2861714393279886,0.39836727647115655
217.403,2010-04,0.023004053314190642,2.2067707525304403,0.2763981707939678
217.290,2010-05,-0.05197720362644098,2.003548929218568,-0.6219464536169395
217.199,2010-06,-0.041879515854381655,1.1215605940686268,-0.5013982347400581
217.605,2010-07,0.18692535416828804,1.3407784804821077,2.2663096645223035
217.923,2010-08,0.14613634796996067,1.1501775395112546,1.7677999101675557
218.275,2010-09,0.1615249422961318,1.1183122472331775,1.955611961161119
219.035,2010-10,0.348184629481163,1.1666951489314625,4.259164992268016
219.590,2010-11,0.25338416234848005,1.084544776600338,3.0833442286655632
220.472,2010-12,0.4016576346828282,1.437793022217937,4.92780720463577
221.187,2011-01,0.3243042200370194,1.7007834915029774,3.9618208529389465
221.898,2011-02,0.321447463006419,2.124898173333145,3.9263023823861154
223.046,2011-03,0.51735482068338,2.619241510354109,6.387992980912194
224.093,2011-04,0.46940989750992035,3.0772344447868694,5.780646628655517
224.806,2011-05,0.3181714734507679,3.4589718808964998,3.8855852258263823
224.806,2011-06,0.0,3.5023181506360412,0.0
225.395,2011-07,0.26200368317570444,3.5798809769996165,3.1897485349885235
226.106,2011-08,0.3154462166418792,3.75499603070808,3.851724249666111
226.597,2011-09,0.21715478580843772,3.812621692818685,2.6372069112142293
226.750,2011-10,0.0675207527019328,3.5222681306640524,0.8132647893466238
227.169,2011-11,0.18478500551268873,3.451432214581729,2.2400954845172016
227.223,2011-12,0.023770849015480877,3.062066838419386,0.28562341899691646
227.842,2012-01,0.27241960540966836,3.0087663379855023,3.3184629867021753
228.329,2012-02,0.21374461249461518,2.8981784423473878,2.5953044844367
228.807,2012-03,0.20934703870292282,2.5828752813320977,2.541292546310059
229.187,2012-04,0.16607883500068255,2.2731633741348567,2.0112514139794646
228.713,2012-05,-0.2068180132381081,1.7379429374660749,-2.453779240538334
228.524,2012-06,-0.08263631713106845,1.653870448297634,-0.9871412150008974
228.590,2012-07,0.02888099280600187,1.4175114798464783,0.34712295774803614
229.918,2012-08,0.580952797585188,1.6859349154821235,7.198558198518601
231.015,2012-09,0.47712662775423187,1.9497168982819613,5.878183854950558
231.638,2012-10,0.26967945804385884,2.1556780595369363,3.284587438256481
231.249,2012-11,-0.16793444944266378,1.7960197033926262,-1.9967038881694488
231.221,2012-12,-0.012108160467716456,1.7595049796895523,-0.14520120367227385
231.679,2013-01,0.1980788942180789,1.684061762098299,2.4030137357850423
232.937,2013-02,0.5429926752100966,2.0181404902574807,6.714072723247555
232.282,2013-03,-0.28119191025899326,1.5187472411246183,-3.3226035123508413
231.797,2013-04,-0.2087979266581219,1.138808047576867,-2.4770007064834787
231.893,2013-05,0.041415548950163306,1.3903888279197085,0.49812021517219307
232.445,2013-06,0.23804082055085551,1.7157935271568725,2.8941860479008152
232.900,2013-07,0.19574523005443378,1.885471805415806,2.3743971830912924
233.456,2013-08,0.23872906826962748,1.538809488600279,2.902664190044013
233.544,2013-09,0.037694469193350066,1.0947341081747997,0.45327258580445395
233.669,2013-10,0.053523104853914205,0.8767991434911471,0.644171352564693
234.100,2013-11,0.18444894273523804,1.2328701961954458,2.235980074390942
234.719,2013-12,0.2644169158479315,1.5128383667573297,3.219556896886777
235.288,2014-01,0.24241752904536895,1.557758795574915,2.9481112065645743
235.547,2014-02,0.11007786202441583,1.1204746347724948,1.3289610708913546
236.028,2014-03,0.204205530106516,1.6126949139408042,2.4781764955682295
236.468,2014-04,0.18641856050976013,2.015125303606169,2.2601020910144154
236.918,2014-05,0.19030059035471947,2.166947687079812,2.307660798433764
237.231,2014-06,0.1321132206079767,2.0589816945944195,1.5969291040399458
237.498,2014-07,0.11254852864928111,1.9742378703305974,1.35897412119248
237.460,2014-08,-0.01600013473797013,1.7150983482969062,-0.19183274409180218
237.477,2014-09,0.007159100480080838,1.6840509711232077,0.08594304062956581
237.430,2014-10,-0.019791390324119806,1.6095417021513292,-0.23723833293702867
236.983,2014-11,-0.18826601524659647,1.231524989320798,-2.235945266117201
236.252,2014-12,-0.30846094445592387,0.6531213919623191,-3.6393747811504062
234.747,2015-01,-0.6370316441765556,-0.22993097820542818,-7.382152183560109
235.342,2015-02,0.25346436802173855,-0.08703146293520536,3.084333869720557
235.976,2015-03,0.26939517808124425,-0.022031284423873476,3.281073560764791
236.222,2015-04,0.10424788961589382,-0.10403098939391064,1.2581722891810365
237.001,2015-05,0.3297745341246827,0.03503321824429584,4.029865109996389
237.657,2015-06,0.27679208104607333,0.1795718097550525,3.3725395703916083
238.034,2015-07,0.15863197801873063,0.22568611104094582,1.9202801797054248
238.033,2015-08,-0.000420108051790713,0.2413037985344868,-0.005041180139209178
237.498,2015-09,-0.22475875193775918,0.008842961634170088,-2.66401266539118
237.733,2015-10,0.09894820166906904,0.12761656067050708,1.193861673407981
238.017,2015-11,0.11946174910508756,0.4363182169185187,1.4429975292749253
237.761,2015-12,-0.10755534268560574,0.6387247515364791,-1.2830564387141585
237.652,2016-01,-0.04584435630738959,1.2375025026943876,-0.5487472679292171
237.336,2016-02,-0.13296753235823022,0.8472775790126619,-1.5839929133343533
238.080,2016-03,0.31347962382444194,0.8916160965521946,3.8272958638365218
238.992,2016-04,0.38306451612901693,1.1726257503534843,4.6948689033403435
239.557,2016-05,0.23640958693178504,1.0784764621246223,2.8740943423511522
240.222,2016-06,0.2775957287827202,1.0792865347959424,3.382481504232948
240.101,2016-07,-0.05037007434789409,0.8683633430518256,-0.6027691852089845
240.545,2016-08,0.18492217858316895,1.0553158595656864,2.2417753436020593
241.176,2016-09,0.26232097944252075,1.5486446201652182,3.193667342594142
241.741,2016-10,0.23426874979268764,1.685924966243646,2.84773136940768
242.026,2016-11,0.11789477167711837,1.6843334719788938,1.423946862965364
242.637,2016-12,0.2524522158776188,2.0507989115119862,3.0718457742537453
243.618,2017-01,0.4043076694815628,2.5103933482571117,4.961046023579896
244.006,2017-02,0.15926573570097524,2.8103616813294208,1.9280193040007498
243.892,2017-03,-0.04672016261895173,2.44119623655914,-0.5592035620477831
244.193,2017-04,0.12341528217407749,2.176223471915395,1.491077535330354
244.004,2017-05,-0.07739779600562935,1.8563431667619756,-0.9248300580956048
244.163,2017-06,0.0651628661825221,1.640565809959127,0.7847629818288793
244.243,2017-07,0.03276499715354486,1.7251073506566073,0.3938892799821181
245.183,2017-08,0.38486261632881824,1.92812155729698,4.717375139378688
246.435,2017-09,0.5106389920997767,2.1805652303711787,6.302727581748124
246.626,2017-10,0.07750522450138408,2.020757753132485,0.9340376141127038
247.284,2017-11,0.2668007428251684,2.172493864295566,3.249009787562551
247.805,2017-12,0.21068892447551058,2.129930719552253,2.5577711092588995
248.859,2018-01,0.42533443635115464,2.151318868063945,5.225122573874086
249.529,2018-02,0.26922876006090224,2.263468931091861,3.2790165811801053
249.577,2018-03,0.0192362410782021,2.3309497646499366,0.23107927136392092
250.227,2018-04,0.2604406656061986,2.4709963021052994,3.170446280205663
250.792,2018-05,0.2257949781598212,2.781921607842497,2.743443314227978
251.018,2018-06,0.09011451720948305,2.8075506935940187,1.0867499518021573
251.214,2018-07,0.07808204989283585,2.854124785561929,0.941018982562225
251.663,2018-08,0.17873207703393845,2.6429238568742575,2.1659948452643407
252.182,2018-09,0.2062281702117419,2.332055105808828,2.5030017389797043
252.772,2018-10,0.2339580144498754,2.492032470218053,2.843905386869583
252.594,2018-11,-0.07041919199911595,2.147328577667773,-0.8417651248938451
252.767,2018-12,0.06848935445813442,2.0023809043401064,0.8249752548306732
252.561,2019-01,-0.08149798035343991,1.4875893578291333,-0.9736039833725174
253.319,2019-02,0.3001255142321968,1.5188615351321877,3.661554666254152
254.277,2019-03,0.37817929172307974,1.8831863513063984,4.633744522782912
255.233,2019-04,0.3759679404743643,2.000583470209061,4.606086647776508
255.296,2019-05,0.02468332856644384,1.7959105553606136,0.29660238986122245
255.213,2019-06,-0.03251128102280676,1.671194894390049,-0.38943851868652457
255.802,2019-07,0.23078761661827762,1.826331335037068,2.8048767720454615
256.036,2019-08,0.09147700174354512,1.7376412106666406,1.1032638038892761
256.430,2019-09,0.1538846099767177,1.6844977040391562,1.8623248796161063
257.155,2019-10,0.2827282299262768,1.7339736996186295,3.445996401613316
257.879,2019-11,0.281542260504386,2.092290394862917,3.431316807892637
258.630,2019-12,0.29122185210892493,2.3195274699624457,3.5511838813151453
258.906,2020-01,0.10671615821831182,2.5122643638566533,1.2881370033225314
259.246,2020-02,0.13132179246519993,2.339737643050843,1.5872934531721894
258.150,2020-03,-0.42276447852619414,1.5231420852062971,-4.956858698932976
256.126,2020-04,-0.7840402866550411,0.3498763874577149,-9.01318728275815
255.848,2020-05,-0.10854032780739375,0.21621960391076112,-1.2947365349897155
257.004,2020-06,0.4518307745223771,0.7017667595302868,5.558759084832987
258.408,2020-07,0.5462949992996124,1.0187566946310067,6.75614047294355
259.366,2020-08,0.3707315562985647,1.3005983533565635,4.54062071626653
259.951,2020-09,0.22554999498778372,1.373084272511016,2.7404297096436325
260.249,2020-10,0.1146369892787602,1.2031654060780772,1.3843505823303737
260.895,2020-11,0.24822381642195523,1.169540753609244,3.0196901005544508
262.005,2020-12,0.42545851779451915,1.3049530216912242,5.226682726863818
262.518,2021-01,0.1957977901184904,1.3951009246599089,2.375041620084395
263.583,2021-02,0.40568646721370616,1.6729284154818336,4.978343805306995
264.910,2021-03,0.5034467321488822,2.6186325779585795,6.2114827908879455
266.752,2021-04,0.6953304896002432,4.148739292379555,8.670578639253579
268.452,2021-05,0.6372960652591075,4.926362527750849,7.92138619521543
270.664,2021-06,0.823983430929931,5.315092372103147,10.348446262144861
271.994,2021-07,0.4913841515680195,5.25757716479367,6.058611714411621
272.789,2021-08,0.2922858592468769,5.175312107215291,3.5643677623359737
273.887,2021-09,0.4025088988192316,5.361010344257178,4.938483376323388
276.434,2021-10,0.929945561490686,6.219044069333601,11.74818242530864
278.799,2021-11,0.8555387542776849,6.862530903236941,10.763595232036716
280.808,2021-12,0.7205908199096944,7.176580599606885,8.998162286212663
282.390,2022-01,0.5633742628415206,7.5697666445729395,6.973953053669302
284.535,2022-02,0.7595878041007254,7.948919315737357,9.505664818727123
287.553,2022-03,1.0606779482313256,8.547431203050081,13.497550218299036
288.764,2022-04,0.42113975510602586,8.251859404990402,5.1723927166068995
291.359,2022-05,0.8986577274175289,8.532996587844366,11.333193174698408
294.996,2022-06,1.2482881942895263,8.989743741317646,16.051904495755064
294.977,2022-07,-0.006440765298509898,8.449818746001725,-0.07726181037730484
295.209,2022-08,0.07865019984609756,8.218806476800754,0.9478957841260183
296.341,2022-09,0.38345714392176156,8.19827154994579,4.6997829194380225
297.863,2022-10,0.5135975109755275,7.7519407887596925,6.3402817609686135
298.648,2022-11,0.26354397827190734,7.119465995215202,3.208773420388611
298.812,2022-12,0.054914146419871024,6.411498247913161,0.6609636765746663
300.356,2023-01,0.5167128495508821,6.362123304649603,6.379839687810329
301.509,2023-02,0.38387779834596625,5.965522694923298,4.705047943365881
301.744,2023-03,0.07794128865141747,4.935090226845151,0.9393152960482931
303.032,2023-04,0.4268519009491323,4.941059134795189,5.244204054065471
303.365,2023-05,0.10988938461946596,4.120689595996696,1.3266718282162415
304.003,2023-06,0.21030771512864366,3.053261739142221,2.553089553222798
304.628,2023-07,0.20559007641371974,3.271780511700917,2.495169382823459
306.187,2023-08,0.5117717347059347,3.718721312697104,6.3171046977145595
307.288,2023-09,0.35958417568349166,3.6940551594278226,4.401379825485052
307.531,2023-10,0.07907890968732456,3.2457874929078256,0.9530851078355385
308.024,2023-11,0.16030904201527196,3.1394819319064515,1.940760799815
308.742,2023-12,0.2330987195803047,3.3231597124613543,2.8333258497238445
309.685,2024-01,0.30543301526839706,3.1059809026621865,3.7273983280702305
311.054,2024-02,0.4420620953549559,3.1657429794798686,5.4356411737507715
312.230,2024-03,0.3780694027403664,3.475131237075124,4.632369957921156
313.207,2024-04,0.3129103545463252,3.3577311967053047,3.8202255663789764
313.225,2024-05,0.00574699799176237,3.2502101428971697,0.06898577854825838
313.049,2024-06,-0.05618964003513138,2.975628529981611,-0.6721957765004616
313.534,2024-07,0.1549278228009099,2.923565791719729,1.8750577063404883
